Company Name,Industry,Symbol,Series,ISIN Code,Percentage Change,Market Cap
3M India Ltd.,Diversified,3MINDIA,EQ,INE470A01017,0.1313354813541556,2218914.63311
ABB India Ltd.,Capital Goods,ABB,EQ,INE117A01022,-1.812771028359028,4572876.7783125
ACC Ltd.,Construction Materials,ACC,EQ,INE012A01025,-2.3942935751586902,4039961.2825505
AIA Engineering Ltd.,Capital Goods,AIAENG,EQ,INE212H01026,-1.126033311371788,1530536.64399
APL Apollo Tubes Ltd.,Capital Goods,APLAPOLLO,EQ,INE702C01027,-2.399109763175866,2289065.453
AU Small Finance Bank Ltd.,Financial Services,AUBANK,EQ,INE949L01017,-2.4623512818436333,3924441.6363375
Aarti Drugs Ltd.,Healthcare,AARTIDRUGS,EQ,INE767A01016,0.0969329704109345,397346.6
Aavas Financiers Ltd.,Financial Services,AAVAS,EQ,INE216P01012,-3.583502366463831,2028232.6402195
Abbott India Ltd.,Healthcare,ABBOTINDIA,EQ,INE358A01014,-1.21438675884723,3565700.0
Adani Enterprises Ltd.,Metals & Mining,ADANIENT,EQ,INE423A01024,-2.8452813400097865,22158423.6472425
Adani Green Energy Ltd.,Power,ADANIGREEN,EQ,INE364U01010,-4.571290066126011,29946181.41916
Adani Ports and Special Economic Zone Ltd.,Services,ADANIPORTS,EQ,INE742F01042,-4.605869045337574,16353993.54666
Adani Total Gas Ltd.,Oil Gas & Consumable Fuels,ATGL,EQ,INE399L01023,-5.522177708827803,23643717.164334
Adani Transmission Ltd.,Power,ADANITRANS,EQ,INE931S01010,-4.945559617949691,26045152.4805645
Aditya Birla Capital Ltd.,Financial Services,ABCAPITAL,EQ,INE674K01013,-2.734377939486832,2601138.053804
Aditya Birla Fashion and Retail Ltd.,Consumer Services,ABFRL,EQ,INE647O01011,-2.8853647772323243,2834363.1154440003
Aditya Birla Sun Life AMC Ltd.,Financial Services,ABSLAMC,EQ,INE404A01024,-1.0977749125911096,1537488.0
Advanced Enzyme Tech Ltd.,Fast Moving Consumer Goods,ADVENZYMES,EQ,INE837H01020,0.1631070014449065,315389.704175
Aegis Logistics Ltd.,Oil Gas & Consumable Fuels,AEGISCHEM,EQ,INE208C01025,-0.8735930902936118,721480.5
Affle (India) Ltd.,Information Technology,AFFLE,EQ,INE00WC01027,-2.9991352616346445,1679029.98153
Ajanta Pharmaceuticals Ltd.,Healthcare,AJANTPHARM,EQ,INE031B01049,-1.9795795425018747,1566946.455275
Alembic Pharmaceuticals Ltd.,Healthcare,APLLTD,EQ,INE901L01018,-0.9292400568742808,1457712.127584
Alkem Laboratories Ltd.,Healthcare,ALKEM,EQ,INE540L01014,-0.7629809650956276,4329089.955
Alkyl Amines Chemicals Ltd.,Chemicals,ALKYLAMINE,EQ,INE150B01039,-0.2407678041167149,1459931.4337185
Allcargo Logistics Ltd.,Services,ALLCARGO,EQ,INE418H01029,-2.512863487652073,880572.758016
Alok Industries Ltd.,Textiles,ALOKINDS,EQ,INE270A01029,-3.956042279253946,1258688.4416535
Amara Raja Batteries Ltd.,Automobile and Auto Components,AMARAJABAT,EQ,INE885A01032,-2.204801567858894,916238.25
Amber Enterprises India Ltd.,Consumer Durables,AMBER,EQ,INE371P01015,-2.268201823994753,1187114.3774575
Ambuja Cements Ltd.,Construction Materials,AMBUJACEM,EQ,INE079A01024,-1.963511497745496,5942043.3477825
Angel One Ltd.,Financial Services,ANGELONE,EQ,INE732I01013,-3.150211674689729,1273331.410335
Anupam Rasayan India Ltd.,Chemicals,ANURAS,EQ,INE930P01018,-2.1331848734561176,826485.4433825
Apollo Hospitals Enterprise Ltd.,Healthcare,APOLLOHOSP,EQ,INE437A01024,-2.2053701981827545,6493458.894777
Apollo Tyres Ltd.,Automobile and Auto Components,APOLLOTYRE,EQ,INE438A01022,-2.1722464260584773,1213042.80686
Aptus Value Housing Finance India Ltd.,Financial Services,APTUS,EQ,INE852O01025,-4.729839545646097,1692254.5725225
Asahi India Glass Ltd.,Automobile and Auto Components,ASAHIINDIA,EQ,INE439A01020,-1.9087708988486,1047717.60261
Ashok Leyland Ltd.,Capital Goods,ASHOKLEY,EQ,INE208A01029,-2.062743066054029,3441905.73111
Asian Paints Ltd.,Consumer Durables,ASIANPAINT,EQ,INE021A01026,-0.2095820591233477,29542812.333105
Aster DM Healthcare Ltd.,Healthcare,ASTERDM,EQ,INE914M01019,-4.239766081871343,986538.2935
AstraZenca Pharma India Ltd.,Healthcare,ASTRAZEN,EQ,INE203A01020,-2.871048947371879,637962.5
Astral Ltd.,Capital Goods,ASTRAL,EQ,INE006I01046,-2.589568139498122,4064514.8015395
Atul Ltd.,Chemicals,ATUL,EQ,INE100A01010,-1.9668154625732013,3045262.0177005
Aurobindo Pharma Ltd.,Healthcare,AUROPHARMA,EQ,INE406A01037,-0.7529131126361777,3917292.5704695
Avanti Feeds Ltd.,Fast Moving Consumer Goods,AVANTIFEED,EQ,INE871C01038,-2.753994770405288,561808.855305
Avenue Supermarts Ltd.,Consumer Services,DMART,EQ,INE192R01011,-0.9387026970678836,25932688.0921485
Axis Bank Ltd.,Financial Services,AXISBANK,EQ,INE238A01034,-3.1159294909793966,23364339.2779745
BASF India Ltd.,Chemicals,BASF,EQ,INE373A01013,-3.2296806152222635,1338781.55956
BSE Ltd.,Financial Services,BSE,EQ,INE118H01025,-0.2788233701430442,1276928.89104
Bajaj Auto Ltd.,Automobile and Auto Components,BAJAJ-AUTO,EQ,INE917I01010,-1.4863665488733302,10570577.2406
Bajaj Electricals Ltd,Consumer Durables,BAJAJELEC,EQ,INE193E01025,-0.9186706295595816,1233904.220263
Bajaj Finance Ltd.,Financial Services,BAJFINANCE,EQ,INE296A01024,-3.650766316514553,43953859.601183504
Bajaj Finserv Ltd.,Financial Services,BAJAJFINSV,EQ,INE918I01018,-3.0743132732075407,27149564.064898
Bajaj Holdings & Investment Ltd.,Financial Services,BAJAJHLDNG,EQ,INE118A01012,-2.8344180577691835,5576973.432855
Balaji Amines Ltd.,Chemicals,BALAMINES,EQ,INE050E01027,1.521676457459864,941411.055
Balkrishna Industries Ltd.,Automobile and Auto Components,BALKRISIND,EQ,INE787D01026,-2.887651192791696,4129641.81278
Balrampur Chini Mills Ltd.,Fast Moving Consumer Goods,BALRAMCHIN,EQ,INE119A01028,-2.664649550329845,998571.76
Bandhan Bank Ltd.,Financial Services,BANDHANBNK,EQ,INE545U01014,-0.9593859555124596,4951472.200764
Bank of Baroda,Financial Services,BANKBARODA,EQ,INE028A01039,-3.209876543209877,5771240.191764
Bank of India,Financial Services,BANKINDIA,EQ,INE084A01016,-3.5347760342005707,1881485.043095
Bank of Maharashtra,Financial Services,MAHABANK,EQ,INE457A01014,-2.515720931616272,1123992.906649
Bata India Ltd.,Consumer Durables,BATAINDIA,EQ,INE176A01028,-3.092035170455898,2520939.16956
Bayer Cropscience Ltd.,Chemicals,BAYERCROP,EQ,INE462A01022,-1.7575383605952122,2040000.0
Berger Paints India Ltd.,Consumer Durables,BERGEPAINT,EQ,INE463A01038,-0.0753693068434313,6796350.452533
Bharat Dynamics Ltd.,Capital Goods,BDL,EQ,INE171Z01018,-1.9316953286362737,1006763.90625
Bharat Electronics Ltd.,Capital Goods,BEL,EQ,INE263A01024,0.5479438119827318,5136337.923844
Bharat Forge Ltd.,Capital Goods,BHARATFORG,EQ,INE465A01025,-3.574265289912626,3261913.955792
Bharat Heavy Electricals Ltd.,Capital Goods,BHEL,EQ,INE257A01026,-2.561359631431026,1718398.2656925
Bharat Petroleum Corporation Ltd.,Oil Gas & Consumable Fuels,BPCL,EQ,INE029A01011,-1.9734963938527688,7795209.735564
Bharti Airtel Ltd.,Telecommunication,BHARTIARTL,EQ,INE397D01024,-2.1996214866048525,41462059.859766
Biocon Ltd.,Healthcare,BIOCON,EQ,INE376G01013,-1.839938338514402,4029213.6
Birla Corporation Ltd.,Construction Materials,BIRLACORPN,EQ,INE340A01012,-4.447575355456024,910357.212234
Birlasoft Ltd.,Information Technology,BSOFT,EQ,INE836A01035,0.6883259680550147,1271567.425059
Blue Dart Express Ltd.,Services,BLUEDART,EQ,INE233B01017,-0.9099777496221816,1628270.150915
Blue Star Ltd.,Consumer Durables,BLUESTARCO,EQ,INE472A01039,-0.5692043207574771,1013270.258704
Bombay Burmah Trading Corporation Ltd.,Fast Moving Consumer Goods,BBTC,EQ,INE050A01025,-2.5998266304357087,600596.5152
Borosil Renewables Ltd.,Capital Goods,BORORENEW,EQ,INE666D01022,1.2432744810397134,756386.5063975
Bosch Ltd.,Automobile and Auto Components,BOSCHLTD,EQ,INE323A01026,-2.124789438565056,4258439.2114
Brigade Enterprises Ltd.,Realty,BRIGADE,EQ,INE791I01019,-2.0913715981903613,1190112.4703455
Brightcom Group Ltd.,Information Technology,BCG,BE,INE425B01027,-4.141099807697124,1711750.4341020002
Britannia Industries Ltd.,Fast Moving Consumer Goods,BRITANNIA,EQ,INE216A01030,-1.375833130747206,7723201.042944
C.E. Info Systems Ltd.,Information Technology,MAPMYINDIA,EQ,INE0BV301023,-0.1370018083987845,804341.5024689999
CCL Products (I) Ltd.,Fast Moving Consumer Goods,CCL,EQ,INE421D01022,0.5242097659641454,537033.71304
CESC Ltd.,Power,CESC,EQ,INE486A01021,0.2562420761336392,1005445.171155
CG Power and Industrial Solutions Ltd.,Capital Goods,CGPOWER,EQ,INE067A01029,-2.8772807207667617,2561066.6184405
CRISIL Ltd.,Financial Services,CRISIL,EQ,INE007A01025,-2.26934814930746,2406502.5103075
CSB Bank Ltd.,Financial Services,CSBBANK,EQ,INE679A01013,-1.7772230546972745,366315.3237105
Can Fin Homes Ltd.,Financial Services,CANFINHOME,EQ,INE477A01020,-1.9707499721128616,840801.7223125
Canara Bank,Financial Services,CANBK,EQ,INE476A01014,-4.426309141109009,4131681.64893
Caplin Point Laboratories Ltd.,Healthcare,CAPLIPOINT,EQ,INE475E01026,-0.1122838515298263,514000.157032
Capri Global Capital Ltd.,Financial Services,CGCL,EQ,INE180C01026,-1.041585057403993,1080623.74636
Carborundum Universal Ltd.,Capital Goods,CARBORUNIV,EQ,INE120A01034,-0.1313895613125004,1514548.3426825
Castrol India Ltd.,Oil Gas & Consumable Fuels,CASTROLIND,EQ,INE172A01027,-1.7399666268369751,998519.046648
Ceat Ltd.,Automobile and Auto Components,CEATLTD,EQ,INE482A01020,-3.120863015564368,377055.532578
Central Bank of India,Financial Services,CENTRALBK,EQ,INE483A01010,-3.498544576184348,1592952.385772
Central Depository Services (India) Ltd.,Financial Services,CDSL,EQ,INE736A01011,-2.474883615154111,1546965.75
Century Plyboards (India) Ltd.,Consumer Durables,CENTURYPLY,EQ,INE348B01021,-2.557263397617715,1591425.12737
Century Textile & Industries Ltd.,Forest Materials,CENTURYTEX,EQ,INE055A01016,-5.055672892429797,954551.28128
Cera Sanitaryware Ltd,Consumer Durables,CERA,EQ,INE739E01017,-0.5551092366742449,646710.5817130001
Chalet Hotels Ltd.,Consumer Services,CHALET,EQ,INE427F01016,0.5638788030011055,619889.6528040001
Chambal Fertilizers & Chemicals Ltd.,Chemicals,CHAMBLFERT,EQ,INE085A01013,0.7955936352509241,1756813.3432920002
Chemplast Sanmar Ltd.,Chemicals,CHEMPLASTS,EQ,INE488A01050,-3.704432716402673,1051665.831461
Cholamandalam Financial Holdings Ltd.,Financial Services,CHOLAHLDNG,EQ,INE149A01033,-0.2563007261853878,1161283.658466
Cholamandalam Investment and Finance Company Ltd.,Financial Services,CHOLAFIN,EQ,INE121A01024,-2.7139560544911845,5898440.5963445
Cipla Ltd.,Healthcare,CIPLA,EQ,INE059A01026,-1.178539684374802,8213770.293498
City Union Bank Ltd.,Financial Services,CUB,EQ,INE491A01021,-3.2827247025772666,953324.952857
Clean Science and Technology Ltd.,Chemicals,CLEAN,EQ,INE227W01023,-2.8196623847832947,2116306.55904
Coal India Ltd.,Oil Gas & Consumable Fuels,COALINDIA,EQ,INE522F01014,-2.237269894145244,11280874.2025735
Cochin Shipyard Ltd.,Capital Goods,COCHINSHIP,EQ,INE704P01017,-0.9530049335583212,386991.82738
Coforge Ltd.,Information Technology,COFORGE,EQ,INE591G01017,-2.606405778554433,2714758.0004
Colgate Palmolive (India) Ltd.,Fast Moving Consumer Goods,COLPAL,EQ,INE259A01022,-1.3071050498691283,4194698.440365
Computer Age Management Services Ltd.,Financial Services,CAMS,EQ,INE596I01012,-2.029485812880505,1132531.009995
Container Corporation of India Ltd.,Services,CONCOR,EQ,INE111A01025,-2.996784228915339,4095371.960082
Coromandel International Ltd.,Chemicals,COROMANDEL,EQ,INE169A01031,-1.4812732966366204,2346797.286364
CreditAccess Grameen Ltd.,Financial Services,CREDITACC,EQ,INE741K01010,-3.673356990750421,1324396.341962
Crompton Greaves Consumer Electricals Ltd.,Consumer Durables,CROMPTON,EQ,INE299U01018,-4.381370670681184,2368938.28666
Cummins India Ltd.,Capital Goods,CUMMINSIND,EQ,INE298A01020,-1.4150677482439369,3108243.6
Cyient Ltd.,Information Technology,CYIENT,EQ,INE136B01020,-0.9330593140625454,1023138.5181375
DCM Shriram Ltd.,Diversified,DCMSHRIRAM,EQ,INE499A01024,3.378215449430555,1762303.887096
DLF Ltd.,Realty,DLF,EQ,INE271C01023,-1.9310307411398493,9417336.054462
Dabur India Ltd.,Fast Moving Consumer Goods,DABUR,EQ,INE016A01026,-1.5874616867789235,9479246.461846
Dalmia Bharat Ltd.,Construction Materials,DALBHARAT,EQ,INE00R701025,-4.080860319842783,2802285.873388
Deepak Nitrite Ltd.,Chemicals,DEEPAKNTR,EQ,INE288B01029,-1.6268647005790449,3060318.8574375
Delta Corp Ltd.,Consumer Services,DELTACORP,EQ,INE124G01033,-3.4904014426346386,882083.484366
Devyani International Ltd.,Consumer Services,DEVYANI,EQ,INE872J01023,-4.272669876951252,2108737.471195
Dhani Services Ltd.,Financial Services,DHANI,EQ,INE274G01010,-3.80047157271185,374706.7160035
Dilip Buildcon Ltd.,Construction,DBL,EQ,INE917M01012,-3.0316886119142183,352524.295081
Divi's Laboratories Ltd.,Healthcare,DIVISLAB,EQ,INE361B01024,-2.30098768414031,11686059.62589
Dixon Technologies (India) Ltd.,Consumer Durables,DIXON,EQ,INE935N01020,-4.638650954479429,2556925.29528
Dr. Lal Path Labs Ltd.,Healthcare,LALPATHLAB,EQ,INE600L01024,-0.1029006964450851,2175884.703839
Dr. Reddy's Laboratories Ltd.,Healthcare,DRREDDY,EQ,INE089A01023,-0.8766634930051587,7148739.130870501
E.I.D. Parry (India) Ltd.,Fast Moving Consumer Goods,EIDPARRY,EQ,INE126A01031,-2.998975209106325,802585.3323625
EIH Ltd.,Consumer Services,EIHOTEL,EQ,INE230A01023,-2.0958105717362896,967125.707463
EPL Ltd.,Capital Goods,EPL,EQ,INE255A01020,-1.5030419007209694,611636.218864
Easy Trip Planners Ltd.,Consumer Services,EASEMYTRIP,EQ,INE07O001018,-2.1166296754048908,740524.32
Edelweiss Financial Services Ltd.,Financial Services,EDELWEISS,EQ,INE532F01054,-1.869158878504673,553597.037955
Eicher Motors Ltd.,Automobile and Auto Components,EICHERMOT,EQ,INE066A01021,-1.381244432072981,6718415.750793001
Elgi Equipments Ltd.,Capital Goods,ELGIEQUIP,EQ,INE285A01027,-8.028019609736726,885919.1542280001
Emami Ltd.,Fast Moving Consumer Goods,EMAMILTD,EQ,INE548C01032,-2.626030805051893,1987643.18841
Endurance Technologies Ltd.,Automobile and Auto Components,ENDURANCE,EQ,INE913H01037,0.9552208086294643,1539976.8599039998
Engineers India Ltd.,Construction,ENGINERSIN,EQ,INE510A01028,-0.7537701125437946,359988.1399065
Equitas Holdings Ltd.,Financial Services,EQUITAS,EQ,INE988K01017,-0.4549590473684084,364006.472475
Equitas Small Finance Bank Ltd.,Financial Services,EQUITASBNK,EQ,INE063P01018,1.2149561231381334,639786.131705
Eris Lifesciences Ltd.,Healthcare,ERIS,EQ,INE406M01024,-0.7345321305389674,936151.266739
Escorts Ltd.,Capital Goods,ESCORTS,EQ,INE042A01014,-1.547573179666406,2279850.259211
Exide Industries Ltd.,Automobile and Auto Components,EXIDEIND,EQ,INE302A01020,-2.0457676911748046,1284350.0
FDC Ltd.,Healthcare,FDC,EQ,INE258B01022,-1.292928059895837,434010.725964
FSN E-Commerce Ventures Ltd.,Consumer Services,NYKAA,EQ,INE388Y01029,-3.461024015578296,8010238.932458
Federal Bank Ltd.,Financial Services,FEDERALBNK,EQ,INE171A01029,-4.1345095106672725,2048805.950406
Fertilisers and Chemicals Travancore Ltd.,Chemicals,FACT,EQ,INE188A01015,-3.0795538298809544,847017.213966
Fine Organic Industries Ltd.,Chemicals,FINEORG,EQ,INE686Y01026,-4.14099622061822,1228131.328644
Finolex Cables Ltd.,Capital Goods,FINCABLES,EQ,INE235A01022,1.7731546656336583,577575.4363925
Finolex Industries Ltd.,Capital Goods,FINPIPE,EQ,INE183A01024,0.4636299353939277,959567.5335825
Firstsource Solutions Ltd.,Information Technology,FSL,EQ,INE684F01012,0.0,871587.0279130001
Fortis Healthcare Ltd.,Healthcare,FORTIS,EQ,INE061F01013,-0.8674126602944865,2192398.461792
G R Infraprojects Ltd.,Construction,GRINFRA,EQ,INE201P01022,-2.942683955269243,1483064.379885
GAIL (India) Ltd.,Oil Gas & Consumable Fuels,GAIL,EQ,INE129A01019,-0.9293023253929557,6911459.6027125
GMM Pfaudler Ltd.,Capital Goods,GMMPFAUDLR,EQ,INE541A01023,0.2515813627159913,665907.52125
GMR Infrastructure Ltd.,Services,GMRINFRA,EQ,INE776C01039,-3.898048865187565,2230281.7791125
Galaxy Surfactants Ltd.,Chemicals,GALAXYSURF,EQ,INE600K01018,-1.3876040703052706,1015565.916288
Garware Technical Fibres Ltd.,Textiles,GARFIBRES,EQ,INE276A01018,-1.054063243794623,581793.1837575
General Insurance Corporation of India,Financial Services,GICRE,EQ,INE481Y01014,-1.7105236388089362,1997384.4
Gland Pharma Ltd.,Healthcare,GLAND,EQ,INE068V01023,0.0361895531364453,5377053.0642595
Glaxosmithkline Pharmaceuticals Ltd.,Healthcare,GLAXO,EQ,INE159A01016,-0.2402496375643936,2823829.180746
Glenmark Life Sciences Ltd.,Healthcare,GLS,EQ,INE03Q201024,-0.9623123128792545,562154.665136
Glenmark Pharmaceuticals Ltd.,Healthcare,GLENMARK,EQ,INE935A01035,-2.7881040892193343,1247183.24952
Go Fashion (India) Ltd.,Consumer Services,GOCOLORS,EQ,INE0BJS01011,0.8984118140131558,546300.87316
Godfrey Phillips India Ltd.,Fast Moving Consumer Goods,GODFRYPHLP,EQ,INE260B01028,0.8818532962228565,524930.61632
Godrej Agrovet Ltd.,Fast Moving Consumer Goods,GODREJAGRO,EQ,INE850D01014,-0.1395141419095691,849427.45264
Godrej Consumer Products Ltd.,Fast Moving Consumer Goods,GODREJCP,EQ,INE102D01028,-1.40890169708614,7641748.403367
Godrej Industries Ltd.,Fast Moving Consumer Goods,GODREJIND,EQ,INE233A01035,-0.6357544525458225,1561751.21232
Godrej Properties Ltd.,Realty,GODREJPROP,EQ,INE484J01027,-4.149151904192417,4648516.456374
Granules India Ltd.,Healthcare,GRANULES,EQ,INE101D01020,-2.66639037480656,760137.70344
Graphite India Ltd.,Capital Goods,GRAPHITE,EQ,INE371A01025,-3.261945327515792,982446.174429
Grasim Industries Ltd.,Construction Materials,GRASIM,EQ,INE047A01021,-3.663659810105069,10954035.88864
Great Eastern Shipping Co. Ltd.,Services,GESHIP,EQ,INE017A01032,-1.052201740294323,507548.752494
Grindwell Norton Ltd.,Capital Goods,GRINDWELL,EQ,INE536A01023,-2.740705369333374,1992904.64
Gujarat Alkalies & Chemicals Ltd.,Chemicals,GUJALKALI,EQ,INE186A01019,-1.288512366752259,658473.317151
Gujarat Ambuja Exports Ltd.,Fast Moving Consumer Goods,GAEL,EQ,INE036B01030,-3.269661125151801,596730.52866
Gujarat Fluorochemicals Ltd.,Chemicals,FLUOROCHEM,BE,INE09N301011,-1.5975776349339663,3012691.175
Gujarat Gas Ltd.,Oil Gas & Consumable Fuels,GUJGASLTD,EQ,INE844O01030,2.335315821143147,3464323.3040625
Gujarat Narmada Valley Fertilizers and Chemicals Ltd.,Chemicals,GNFC,EQ,INE113A01013,-1.3784300182984044,1312433.9130435002
Gujarat Pipavav Port Ltd.,Services,GPPL,EQ,INE517F01014,-1.9472304674317376,369348.09124
Gujarat State Fertilizers & Chemicals Ltd.,Chemicals,GSFC,EQ,INE026A01025,-2.960743085753481,645732.837365
Gujarat State Petronet Ltd.,Oil Gas & Consumable Fuels,GSPL,EQ,INE246F01010,-3.921936750323074,1461589.569528
H.E.G. Ltd.,Capital Goods,HEG,EQ,INE545A01016,-1.9927234963705187,531093.460313
HCL Technologies Ltd.,Information Technology,HCLTECH,EQ,INE860A01027,0.3251909786485596,31580277.5547
HDFC Asset Management Company Ltd.,Financial Services,HDFCAMC,EQ,INE127D01025,-1.1589183428799776,4576672.281861
HDFC Bank Ltd.,Financial Services,HDFCBANK,EQ,INE040A01034,-2.869639023614889,81525796.21051599
HDFC Life Insurance Company Ltd.,Financial Services,HDFCLIFE,EQ,INE795G01014,-1.8276972790482349,11369597.139108
HFCL Ltd.,Telecommunication,HFCL,EQ,INE548A01028,-2.499997615814209,1083371.781927
HLE Glascoat Ltd.,Capital Goods,HLEGLAS,EQ,INE461D01010,-2.205268804386696,544000.0
Happiest Minds Technologies Ltd.,Information Technology,HAPPSTMNDS,EQ,INE419U01012,-3.052065959881578,1551833.764474
Hathway Cable & Datacom Ltd.,Media Entertainment & Publication,HATHWAY,EQ,INE982F01036,-3.977276975950828,305343.02625
Hatsun Agro Product Ltd.,Fast Moving Consumer Goods,HATSUN,EQ,INE473B01035,-0.6229753301769225,2310838.82256
Havells India Ltd.,Consumer Durables,HAVELLS,EQ,INE176B01034,-0.890783093095382,7218455.9987085
Hemisphere Properties India Ltd.,Realty,HEMIPROP,EQ,INE0AJG01018,-0.7785917778664886,325897.5
Hero MotoCorp Ltd.,Automobile and Auto Components,HEROMOTOCO,EQ,INE158A01026,-3.4611180144112463,4583985.6444515
Hikal Ltd.,Healthcare,HIKAL,EQ,INE475B01022,-3.151104028019014,496038.91725
Hindalco Industries Ltd.,Metals & Mining,HINDALCO,EQ,INE038A01020,-5.963787106248841,12797648.66318
Hinduja Global Solutions Ltd.,Services,HGS,EQ,INE170I01016,-3.162440679650546,427856.766284
Hindustan Aeronautics Ltd.,Capital Goods,HAL,EQ,INE066F01012,0.5138086062941527,4965319.9875
Hindustan Copper Ltd.,Metals & Mining,HINDCOPPER,EQ,INE531E01026,-2.7938867353824337,1099989.82275
Hindustan Petroleum Corporation Ltd.,Oil Gas & Consumable Fuels,HINDPETRO,EQ,INE094A01015,-1.4399347786492545,3820859.9672575
Hindustan Unilever Ltd.,Fast Moving Consumer Goods,HINDUNILVR,EQ,INE030A01027,-1.7078784918823642,48134901.388963
Hindustan Zinc Ltd.,Metals & Mining,HINDZINC,EQ,INE267A01025,-1.5061810875516168,13104826.8785
Hitachi Energy India Ltd.,Capital Goods,POWERINDIA,EQ,INE07Y701011,-2.8614610474843705,1492364.7309375
Home First Finance Company India Ltd.,Financial Services,HOMEFIRST,EQ,INE481N01025,1.465076660988074,674297.5277335
Honeywell Automation India Ltd.,Capital Goods,HONAUT,EQ,INE671A01010,-1.8690504902877487,3508033.3976640003
Housing & Urban Development Corporation Ltd.,Financial Services,HUDCO,EQ,INE031A01017,-3.571433225562215,655622.25
Housing Development Finance Corporation Ltd.,Financial Services,HDFC,EQ,INE001A01036,-1.8183090388246392,43247738.877696
ICICI Bank Ltd.,Financial Services,ICICIBANK,EQ,INE090A01021,-1.988240263837316,50744643.013381
ICICI Lombard General Insurance Company Ltd.,Financial Services,ICICIGI,EQ,INE765G01017,-1.9191018164048,6520510.8381240005
ICICI Prudential Life Insurance Company Ltd.,Financial Services,ICICIPRULI,EQ,INE726G01019,-1.092308255043828,7199466.259909
ICICI Securities Ltd.,Financial Services,ISEC,EQ,INE763G01038,-3.0366248519899,2004627.3897125
IDBI Bank Ltd.,Financial Services,IDBI,EQ,INE008A01015,-4.1290283203125,4602028.1309
IDFC First Bank Ltd.,Financial Services,IDFCFIRSTB,EQ,INE092T01019,-4.62585241616178,2468430.19907
IDFC Ltd.,Financial Services,IDFC,EQ,INE043D01016,-2.453385635489991,985799.194185
IFB Industries Ltd.,Consumer Durables,IFBIND,EQ,INE559A01017,-6.885041345794496,421679.109972
IIFL Finance Ltd.,Financial Services,IIFL,EQ,INE530B01024,-3.988928608445175,1084133.918616
IIFL Wealth Management Ltd.,Financial Services,IIFLWAM,EQ,INE466L01020,-3.575722341329435,1480444.524267
IRB Infrastructure Developers Ltd.,Construction,IRB,EQ,INE821I01014,-2.765099968677287,1517298.75
IRCON International Ltd.,Construction,IRCON,EQ,INE962Y01021,-1.028281517194285,374325.26452
ITC Ltd.,Fast Moving Consumer Goods,ITC,EQ,INE154A01025,-1.8971214396705127,30888240.993558
ITI Ltd.,Telecommunication,ITI,EQ,INE248A01017,-2.0970641869350715,900382.8071505
India Cements Ltd.,Construction Materials,INDIACEM,EQ,INE383A01012,-3.344667857498129,649234.636095
Indiabulls Housing Finance Ltd.,Financial Services,IBULHSGFIN,EQ,INE148I01020,6.477729958974243,739405.8333119999
Indiabulls Real Estate Ltd.,Realty,IBREALEST,EQ,INE069I01010,1.7445917283735346,462501.518544
Indiamart Intermesh Ltd.,Consumer Services,INDIAMART,EQ,INE933S01016,-3.0234541857412034,1321199.558011
Indian Bank,Financial Services,INDIANB,EQ,INE562A01011,-3.8474891173364334,1916733.912921
Indian Energy Exchange Ltd.,Financial Services,IEX,EQ,INE022Q01020,-3.3133269224920325,2019310.440651
Indian Hotels Co. Ltd.,Consumer Services,INDHOTEL,EQ,INE053A01029,-3.111111111111109,3151514.43927
Indian Oil Corporation Ltd.,Oil Gas & Consumable Fuels,IOC,EQ,INE242A01010,-0.1245279371396179,11198142.037718998
Indian Overseas Bank,Financial Services,IOB,EQ,INE565A01014,-3.658533181412238,3430787.8244640003
Indian Railway Catering And Tourism Corporation Ltd.,Consumer Services,IRCTC,EQ,INE335Y01020,-4.055693862283649,6197600.0
Indian Railway Finance Corporation Ltd.,Financial Services,IRFC,EQ,INE053F01010,-0.9345741082053104,2803194.537
Indigo Paints Ltd.,Consumer Durables,INDIGOPNTS,EQ,INE09VQ01012,-0.5031518466995455,763886.7383244999
Indo Count Industries Ltd.,Textiles,ICIL,EQ,INE483B01026,2.5570477328182406,313766.775465
Indoco Remedies Ltd.,Healthcare,INDOCO,EQ,INE873D01024,-2.6911746754365806,347452.9135275
Indraprastha Gas Ltd.,Oil Gas & Consumable Fuels,IGL,EQ,INE203G01027,-2.168014791210316,2612052.9852
Indus Towers Ltd.,Telecommunication,INDUSTOWER,EQ,INE121J01017,-0.2160849691439037,5984107.497475
IndusInd Bank Ltd.,Financial Services,INDUSINDBK,EQ,INE095A01012,-5.350080108851262,7246094.976372
Infibeam Avenues Ltd.,Information Technology,INFIBEAM,EQ,INE483S01020,0.7380031467732806,517866.074397
Info Edge (India) Ltd.,Consumer Services,NAUKRI,EQ,INE663F01024,-2.0080636519092865,5807455.49934
Infosys Ltd.,Information Technology,INFY,EQ,INE009A01021,-0.7041100376616982,80216195.7759085
Inox Leisure Ltd.,Media Entertainment & Publication,INOXLEISUR,EQ,INE312H01016,-2.98114275327902,648152.520012
Intellect Design Arena Ltd.,Information Technology,INTELLECT,EQ,INE306R01017,-2.742374419042481,1272540.804405
InterGlobe Aviation Ltd.,Services,INDIGO,EQ,INE646L01027,-2.257431881763749,7759608.1241534995
Ipca Laboratories Ltd.,Healthcare,IPCALAB,EQ,INE571A01038,-1.6507608976012331,2703852.703335
J.B. Chemicals & Pharmaceuticals Ltd.,Healthcare,JBCHEPHARM,EQ,INE572A01028,-0.7256526437053212,1217115.745653
J.K. Cement Ltd.,Construction Materials,JKCEMENT,EQ,INE823G01014,-2.110350702671493,1878622.986563
JK Lakshmi Cement Ltd.,Construction Materials,JKLAKSHMI,EQ,INE786A01032,-3.1708933611517165,558756.308401
JK Paper Ltd.,Forest Materials,JKPAPER,EQ,INE789E01012,-2.114758100665981,514898.42458800005
JM Financial Ltd.,Financial Services,JMFINANCIL,EQ,INE780C01023,-1.8010927778608243,644937.3430240001
JSW Energy Ltd.,Power,JSWENERGY,EQ,INE121E01018,-3.2882011605415817,4968263.664432
JSW Steel Ltd.,Metals & Mining,JSWSTEEL,EQ,INE019A01038,-2.4886392033706017,17709765.55366
Jamna Auto Industries Ltd.,Automobile and Auto Components,JAMNAAUTO,EQ,INE039C01032,-0.2954239711887574,396471.565575
Jindal Stainless (Hisar) Ltd.,Capital Goods,JSLHISAR,EQ,INE455T01018,-7.005502595775626,918611.6960475
Jindal Stainless Ltd.,Metals & Mining,JSL,EQ,INE220G01021,-3.470792475434925,1021404.941245
Jindal Steel & Power Ltd.,Metals & Mining,JINDALSTEL,EQ,INE749A01030,-4.63499426585855,5435539.4248645
Jubilant Foodworks Ltd.,Consumer Services,JUBLFOOD,EQ,INE797F01020,-3.126666156900537,3479363.7396
Jubilant Ingrevia Ltd.,Chemicals,JUBLINGREA,EQ,INE0BY001018,-1.2730859399336825,716526.2037915
Jubilant Pharmova Ltd.,Healthcare,JUBLPHARMA,EQ,INE700A01033,-1.2314994543355495,618249.7410285
Justdial Ltd.,Consumer Services,JUSTDIAL,EQ,INE599M01018,-1.245238837388429,594738.168488
Jyothy Labs Ltd.,Fast Moving Consumer Goods,JYOTHYLAB,EQ,INE668F01031,0.6594910990045832,541449.145578
K.P.R. Mill Ltd.,Textiles,KPRMILL,EQ,INE930H01031,-2.2501751992989982,2141883.275
KEI Industries Ltd.,Capital Goods,KEI,EQ,INE878B01027,-3.636525264500745,1136229.57318
KNR Constructions Ltd.,Construction,KNRCON,EQ,INE634I01029,-3.247433563045299,799128.1159
KPIT Technologies Ltd.,Information Technology,KPITTECH,EQ,INE04I401011,0.2169620346077261,1647741.357984
KRBL Ltd.,Fast Moving Consumer Goods,KRBL,EQ,INE001B01026,7.646907954875104,474546.022272
Kajaria Ceramics Ltd.,Consumer Durables,KAJARIACER,EQ,INE217B01036,-3.95365620986019,1622766.88165
Kalpataru Power Transmission Ltd.,Construction,KALPATPOWR,EQ,INE220B01022,-0.644588856764805,546124.52034
Kalyan Jewellers India Ltd.,Consumer Durables,KALYANKJIL,EQ,INE303R01014,-2.359643197618888,605156.1709875
Kansai Nerolac Paints Ltd.,Consumer Durables,KANSAINER,EQ,INE531A01024,-1.89412045269175,2520796.9903
Karur Vysya Bank Ltd.,Financial Services,KARURVYSYA,EQ,INE036D01028,-2.961282475107585,370333.822021
Kec International Ltd.,Capital Goods,KEC,EQ,INE389H01022,-0.2386987051240185,974236.378115
Kotak Mahindra Bank Ltd.,Financial Services,KOTAKBANK,EQ,INE237A01028,-1.8177244250565328,34802938.6811435
Krishna Institute of Medical Sciences Ltd.,Healthcare,KIMS,EQ,INE967H01017,-3.1468652982920453,1106944.3497839998
L&T Finance Holdings Ltd.,Financial Services,L&TFH,EQ,INE498L01015,-3.5009546698400285,1994072.603328
L&T Technology Services Ltd.,Information Technology,LTTS,EQ,INE010V01017,-0.4097259537882869,5387733.721851
LIC Housing Finance Ltd.,Financial Services,LICHSGFIN,EQ,INE115A01026,-2.772450740279697,1974451.1385
Lakshmi Machine Works Ltd.,Capital Goods,LAXMIMACH,EQ,INE269B01029,0.1586990107573793,1027506.9645
Larsen & Toubro Infotech Ltd.,Information Technology,LTI,EQ,INE214T01019,-2.225491916867617,10788579.182424
Larsen & Toubro Ltd.,Construction,LT,EQ,INE018A01030,-2.6737967083292125,24834878.882878
Latent View Analytics Ltd.,Information Technology,LATENTVIEW,EQ,INE0I7C01011,0.4382604366539144,847283.996545
Laurus Labs Ltd.,Healthcare,LAURUSLABS,EQ,INE947Q01028,-0.8966604552010593,3170957.435835
Laxmi Organic Industries Ltd.,Chemicals,LXCHEM,EQ,INE576O01020,-2.4407383669770133,1053069.115362
Linde India Ltd.,Chemicals,LINDEINDIA,EQ,INE473A01011,-1.9960703643831068,3227922.5563270003
Lupin Ltd.,Healthcare,LUPIN,EQ,INE326A01037,-2.9645647826290977,3394974.581872
Lux Industries Ltd.,Textiles,LUXIND,EQ,INE150G01020,-2.730012086624256,658855.4948694999
MMTC Ltd.,Services,MMTC,EQ,INE123F01029,-2.4875621418442906,661500.0
MOIL Ltd.,Metals & Mining,MOIL,EQ,INE490G01020,-1.4719467098148975,437513.9449365
MRF Ltd.,Automobile and Auto Components,MRF,EQ,INE883A01011,-0.9845070697176106,2757680.242603
MTAR Technologies Ltd.,Capital Goods,MTARTECH,EQ,INE864I01014,-4.104222976063521,539446.3271625
Macrotech Developers Ltd.,Realty,LODHA,EQ,INE670K01029,-3.3234872042298247,5422724.648844
Mahanagar Gas Ltd.,Oil Gas & Consumable Fuels,MGL,EQ,INE002S01010,-1.746007848837161,769528.2795089999
Mahindra & Mahindra Financial Services Ltd.,Financial Services,M&MFIN,EQ,INE774D01024,-3.60809269967417,1966345.86768
Mahindra & Mahindra Ltd.,Automobile and Auto Components,M&M,EQ,INE101A01026,-3.032519446376958,10026969.463632
Mahindra CIE Automotive Ltd.,Automobile and Auto Components,MAHINDCIE,EQ,INE536H01010,-1.44852716376217,651445.271477
Mahindra Holidays & Resorts India Ltd.,Consumer Services,MHRIL,EQ,INE998I01010,-3.4233060534631488,460172.215744
Mahindra Logistics Ltd.,Services,MAHLOG,EQ,INE766P01016,-1.937898885004019,362664.184428
Manappuram Finance Ltd.,Financial Services,MANAPPURAM,EQ,INE522D01027,-4.428572881789439,961081.2147795
Mangalore Refinery & Petrochemicals Ltd.,Oil Gas & Consumable Fuels,MRPL,EQ,INE103A01014,1.241791294977479,729081.0912319999
Marico Ltd.,Fast Moving Consumer Goods,MARICO,EQ,INE196A01026,-1.6940707523667164,6511578.113286
Maruti Suzuki India Ltd.,Automobile and Auto Components,MARUTI,EQ,INE585B01010,-1.8535931972223247,22841179.57678
Mastek Ltd.,Information Technology,MASTEK,EQ,INE759A01021,1.53346175763569,996638.059536
Max Financial Services Ltd.,Financial Services,MFSL,EQ,INE180A01020,-0.2357853269114085,2601820.258569
Max Healthcare Institute Ltd.,Healthcare,MAXHEALTH,EQ,INE027H01010,-1.2994254065037736,3370861.1763075
Mazagoan Dock Shipbuilders Ltd.,Capital Goods,MAZDOCK,EQ,INE249Z01012,-2.8847944076210275,483450.93
Medplus Health Services Ltd.,Consumer Services,MEDPLUS,EQ,INE804L01022,1.6763923136705603,1210356.08302
Metro Brands Ltd.,Consumer Durables,METROBRAND,EQ,INE317I01021,-2.861764139926604,1662168.461972
Metropolis Healthcare Ltd.,Healthcare,METROPOLIS,EQ,INE112L01020,1.505311176131885,1041736.4125425
MindTree Ltd.,Information Technology,MINDTREE,EQ,INE018I01017,-2.536684667726974,7092632.375388
Minda Industries Ltd.,Automobile and Auto Components,MINDAIND,EQ,INE405E01023,-2.512935662557503,2662839.371443
Motilal Oswal Financial Services Ltd.,Financial Services,MOTILALOFS,EQ,INE338I01027,-2.941008408469614,1280518.326563
MphasiS Ltd.,Information Technology,MPHASIS,EQ,INE356A01018,-2.133248962672951,6342322.542746
Multi Commodity Exchange of India Ltd.,Financial Services,MCX,EQ,INE745G01035,-3.0602359027873227,599100.0
Muthoot Finance Ltd.,Financial Services,MUTHOOTFIN,EQ,INE414G01012,-2.607412937401432,5341695.1684395
NATCO Pharma Ltd.,Healthcare,NATCOPHARM,EQ,INE987B01026,1.1861516576775255,1380126.2276475
NBCC (India) Ltd.,Construction,NBCC,EQ,INE095N01031,-2.887540178963788,653400.0
NCC Ltd.,Construction,NCC,EQ,INE868B01028,-2.301588512602304,357065.177274
NESCO Ltd.,Services,NESCO,EQ,INE317F01035,0.148091035707365,389291.279
NHPC Ltd.,Power,NHPC,EQ,INE848E01016,0.6535910231946662,2792519.67579
NLC India Ltd.,Power,NLCINDIA,EQ,INE589A01014,-3.271985788419152,867341.1989295
NMDC Ltd.,Metals & Mining,NMDC,EQ,INE584A01023,-2.0322312253000296,4763699.809175
NOCIL Ltd.,Chemicals,NOCIL,EQ,INE163A01018,-3.656458739928925,414602.325095
NTPC Ltd.,Power,NTPC,EQ,INE733E01010,-1.802687607332898,13090499.2809
Narayana Hrudayalaya Ltd.,Healthcare,NH,EQ,INE410P01011,-0.9730538922155696,1523203.252614
National Aluminium Co. Ltd.,Metals & Mining,NATIONALUM,EQ,INE139A01034,-1.65562916695684,2237017.516566
Navin Fluorine International Ltd.,Chemicals,NAVINFLUOR,EQ,INE048G01026,-1.0730582788829437,2022181.0441
Nazara Technologies Ltd.,Media Entertainment & Publication,NAZARA,EQ,INE418L01021,-7.3833675428862655,534433.5619409999
Nestle India Ltd.,Fast Moving Consumer Goods,NESTLEIND,EQ,INE239A01016,-1.5760882357707229,15638600.0
Network18 Media & Investments Ltd.,Media Entertainment & Publication,NETWORK18,EQ,INE870H01013,1.6070214062206434,891476.6639285
Nippon Life India Asset Management Ltd.,Financial Services,NAM-INDIA,EQ,INE298J01013,0.623885918003575,2162445.326692
Nuvoco Vistas Corporation Ltd.,Construction Materials,NUVOCO,EQ,INE118D01016,-2.043460279732268,1410588.2262735
Oberoi Realty Ltd.,Realty,OBEROIRLTY,EQ,INE093I01010,-2.255683085223359,3417315.6244445
Oil & Natural Gas Corporation Ltd.,Oil Gas & Consumable Fuels,ONGC,EQ,INE213A01029,-1.2610339993900377,20619077.618634
Oil India Ltd.,Oil Gas & Consumable Fuels,OIL,EQ,INE274J01014,-1.2471655328798237,2585221.982496
One 97 Communications Ltd.,Financial Services,PAYTM,EQ,INE982J01020,-2.08254585401485,3427126.082055
Oracle Financial Services Software Ltd.,Information Technology,OFSS,EQ,INE881D01027,-0.3734126749800004,3094471.6876
Orient Electric Ltd.,Consumer Durables,ORIENTELEC,EQ,INE142Z01019,-4.726576492043177,681645.925175
PB Fintech Ltd.,Financial Services,POLICYBZR,EQ,INE417T01026,-5.141014117230103,3120877.153058
PCBL Ltd.,Chemicals,PCBL,EQ,INE602A01031,-2.293123610944403,431628.487674
PI Industries Ltd.,Chemicals,PIIND,EQ,INE603J01030,0.8715517609095169,4277919.914187
PNB Housing Finance Ltd.,Financial Services,PNBHOUSING,EQ,INE572E01012,-1.8312223750248544,635363.6545175
PNC Infratech Ltd.,Construction,PNCINFRA,EQ,INE195J01029,-3.161222339304526,664821.2460975
PVR Ltd.,Media Entertainment & Publication,PVR,EQ,INE191H01014,-2.4587385270979034,1172537.3919010002
Page Industries Ltd.,Textiles,PAGEIND,EQ,INE761H01022,-1.8221643706891388,4817285.680419
Persistent Systems Ltd.,Information Technology,PERSISTENT,EQ,INE262H01013,-2.858934938379798,3641880.525
Petronet LNG Ltd.,Oil Gas & Consumable Fuels,PETRONET,EQ,INE347G01014,-2.155572153838914,2906250.1705
Pfizer Ltd.,Healthcare,PFIZER,EQ,INE182A01018,-0.9957212590963382,1989180.008958
Phoenix Mills Ltd.,Realty,PHOENIXLTD,EQ,INE211B01039,-1.810252680115032,1963602.427287
Pidilite Industries Ltd.,Chemicals,PIDILITIND,EQ,INE318A01026,-0.0069266155541147,12474922.569345
Piramal Enterprises Ltd.,Financial Services,PEL,EQ,INE140A01024,-3.9195257656664206,5219336.4553
Poly Medicure Ltd.,Healthcare,POLYMED,EQ,INE205C01021,1.022945751539961,910573.74729
Polycab India Ltd.,Capital Goods,POLYCAB,EQ,INE455K01017,-1.2930284799239522,3533084.02562
Polyplex Corporation Ltd.,Capital Goods,POLYPLEX,EQ,INE633B01018,-0.1311188811188857,761235.811038
Poonawalla Fincorp Ltd.,Financial Services,POONAWALLA,EQ,INE511C01022,-3.3449161817206474,2079444.6407715
Power Finance Corporation Ltd.,Financial Services,PFC,EQ,INE134E01011,-2.082369214670188,2972731.665408
Power Grid Corporation of India Ltd.,Power,POWERGRID,EQ,INE752E01010,-2.633780573634792,15122781.809152
Praj Industries Ltd.,Capital Goods,PRAJIND,EQ,INE074A01025,-4.733218505768011,731845.4191360001
Prestige Estates Projects Ltd.,Realty,PRESTIGE,EQ,INE811K01011,-1.4869874505675895,1979454.847452
Prince Pipes and Fittings Ltd.,Capital Goods,PRINCEPIPE,EQ,INE689W01016,-0.21578894479225,701233.6435575
Prism Johnson Ltd.,Construction Materials,PRSMJOHNSN,EQ,INE010A01011,-5.211143659232997,579866.78016
Privi Speciality Chemicals Ltd.,Chemicals,PRIVISCL,EQ,INE959A01019,3.7761772581111455,732484.331559
Procter & Gamble Health Ltd.,Healthcare,PGHL,EQ,INE199A01012,-0.8115387974832355,664373.665168
Procter & Gamble Hygiene & Health Care Ltd.,Fast Moving Consumer Goods,PGHH,EQ,INE179A01014,-0.2591792687869798,4679409.858816
Punjab National Bank,Financial Services,PNB,EQ,INE160A01022,-11.631415865868322,3859360.953079
Quess Corp Ltd.,Services,QUESS,EQ,INE615P01015,-4.701195219123511,975331.7659085
RBL Bank Ltd.,Financial Services,RBLBANK,EQ,INE976G01028,-3.1870641554200385,780551.790186
REC Ltd.,Financial Services,RECLTD,EQ,INE020B01018,-2.7403035765714234,2430136.599
RHI MAGNESITA INDIA LTD.,Capital Goods,RHIM,EQ,INE743M01012,-1.64053962823959,986827.0108645
RITES Ltd.,Construction,RITES,EQ,INE320J01015,-0.4224514338626473,630792.453375
Radico Khaitan Ltd,Fast Moving Consumer Goods,RADICO,EQ,INE944F01028,-3.147684302496001,1186956.1963175
Rail Vikas Nigam Ltd.,Construction,RVNL,EQ,INE415G01027,-2.40770468438094,681801.5727
Railtel Corporation Of India Ltd.,Telecommunication,RAILTEL,EQ,INE0DD101019,-1.9587067590217888,269909.200287
Rain Industries Ltd,Chemicals,RAIN,EQ,INE855B01025,-5.014376205997451,652510.61726
Rajesh Exports Ltd.,Consumer Durables,RAJESHEXPO,EQ,INE343B01030,-1.409181586283359,2040541.576649
Rallis India Ltd.,Chemicals,RALLIS,EQ,INE613A01020,0.6042280520458299,462933.192645
Rashtriya Chemicals & Fertilizers Ltd.,Chemicals,RCF,EQ,INE027A01015,-3.7144567857906097,493485.00545
Ratnamani Metals & Tubes Ltd.,Capital Goods,RATNAMANI,EQ,INE703B01027,-1.4308426073131986,1211820.588
RattanIndia Enterprises Ltd.,Services,RTNINDIA,EQ,INE834M01019,-2.0092665899246187,637917.416708
Redington (India) Ltd.,Services,REDINGTON,EQ,INE891D01026,0.1165572329685282,1132721.3141595
Relaxo Footwears Ltd.,Consumer Durables,RELAXO,EQ,INE131B01039,-5.293831957260808,2654422.891521
Reliance Industries Ltd.,Oil Gas & Consumable Fuels,RELIANCE,EQ,INE002A01018,-2.03527933133798,178237575.626805
Restaurant Brands Asia Ltd.,Consumer Services,RBA,EQ,INE07T201019,-3.083703697853135,496433.009085
Rossari Biotech Ltd.,Chemicals,ROSSARI,EQ,INE02A801020,-1.3108832253530769,501894.014776
Route Mobile Ltd.,Telecommunication,ROUTE,EQ,INE450U01017,-1.7882672726261872,969688.474509
SBI Cards and Payment Services Ltd.,Financial Services,SBICARD,EQ,INE018E01016,-1.235062400592235,8032763.742063001
SBI Life Insurance Company Ltd.,Financial Services,SBILIFE,EQ,INE123W01016,-1.9592557006660627,11218655.667549
SIS Ltd.,Services,SIS,EQ,INE285J01028,-1.196867155900927,713174.108025
SJVN Ltd.,Power,SJVN,EQ,INE002L01015,-1.4760133317333168,1078728.7755375
SKF India Ltd.,Capital Goods,SKFINDIA,EQ,INE640A01023,0.4216562152542735,1747335.364272
SRF Ltd.,Chemicals,SRF,EQ,INE647A01010,-2.2177486327906504,7942156.7333375
Sanofi India Ltd.,Healthcare,SANOFI,EQ,INE058A01010,-1.515208217665598,1727169.981579
Sapphire Foods India Ltd.,Consumer Services,SAPPHIRE,EQ,INE806T01012,-5.184851558934279,941827.542702
Saregama India Ltd,Media Entertainment & Publication,SAREGAMA,EQ,INE979A01025,-2.570310350350513,930739.6106025
Schaeffler India Ltd.,Automobile and Auto Components,SCHAEFFLER,EQ,INE513A01022,-4.369100753855514,3035417.2714
Sequent Scientific Ltd.,Healthcare,SEQUENT,EQ,INE807F01027,-1.977646596220828,332320.39131
Sheela Foam Ltd.,Consumer Durables,SFL,EQ,INE916U01025,-3.981042708541061,1695105.012384
Shilpa Medicare Ltd.,Healthcare,SHILPAMED,EQ,INE790G01031,-1.863652725216813,345645.157836
Shipping Corporation of India Ltd.,Services,SCI,EQ,INE109A01011,-2.1563355436412968,537299.158035
Shree Cement Ltd.,Construction Materials,SHREECEM,EQ,INE070A01015,-1.0952795659243453,8671141.843848001
Shree Renuka Sugars Ltd.,Fast Moving Consumer Goods,RENUKA,EQ,INE087H01022,-1.4590296797152735,757742.359188
Shriram City Union Finance Ltd.,Financial Services,SHRIRAMCIT,EQ,INE722A01011,-2.8616769610965265,1081679.590185
Shriram Transport Finance Co. Ltd.,Financial Services,SRTRANSFIN,EQ,INE721A01013,-4.660709926060269,3069992.9629805
Shyam Metalics and Energy Ltd.,Metals & Mining,SHYAMMETL,EQ,INE810G01011,-0.6953662594422649,924284.872968
Siemens Ltd.,Capital Goods,SIEMENS,EQ,INE003A01024,-2.177006701383366,8433639.87891
Sobha Ltd.,Realty,SOBHA,EQ,INE671H01015,-3.986179342629914,671271.5246075
Solar Industries India Ltd.,Chemicals,SOLARINDS,EQ,INE343H01029,-1.0796601222594515,2530554.388075
Solara Active Pharma Sciences Ltd.,Healthcare,SOLARA,EQ,INE624Z01016,2.731378352938063,239771.134487
Sona BLW Precision Forgings Ltd.,Automobile and Auto Components,SONACOMS,EQ,INE073K01018,1.9632316438535249,3970384.488095
Sonata Software Ltd.,Information Technology,SONATSOFTW,EQ,INE269A01021,1.7678328499951323,777547.9085639999
Spicejet Ltd.,Services,SPICEJET,EQ,INE285B01017,-2.672154184961928,284300.0
Star Health and Allied Insurance Company Ltd.,Financial Services,STARHEALTH,EQ,INE575P01011,-3.324340395797232,4088797.285183
State Bank of India,Financial Services,SBIN,EQ,INE062A01020,-2.801379903032808,44047420.226057
Steel Authority of India Ltd.,Metals & Mining,SAIL,EQ,INE114A01011,-2.802621964085528,4070632.6723095
Sterling and Wilson Renewable Energy Ltd.,Construction,SWSOLAR,EQ,INE00M201021,0.2816537156764331,603319.6456065
Sterlite Technologies Ltd.,Telecommunication,STLTECH,EQ,INE089C01029,-3.420886346440888,892765.1039325
Strides Pharma Science Ltd.,Healthcare,STAR,EQ,INE939A01011,1.9042436588858849,311212.88172400004
Sudarshan Chemical Industries Ltd.,Chemicals,SUDARSCHEM,EQ,INE659A01023,0.3141614657959035,360639.358875
Sumitomo Chemical India Ltd.,Chemicals,SUMICHEM,EQ,INE258G01013,0.4610516545362708,2238668.62596
Sun Pharma Advanced Research Company Ltd.,Healthcare,SPARC,EQ,INE232I01014,-4.764090247313302,782255.295915
Sun Pharmaceutical Industries Ltd.,Healthcare,SUNPHARMA,EQ,INE044A01036,-0.6258745510456465,21947916.638075
Sun TV Network Ltd.,Media Entertainment & Publication,SUNTV,EQ,INE424H01027,-2.8180433882602607,1930423.51107
Sundaram Finance Ltd.,Financial Services,SUNDARMFIN,EQ,INE660A01013,-0.2184598580010965,2155637.09172
Sundram Fasteners Ltd.,Automobile and Auto Components,SUNDRMFAST,EQ,INE387A01021,-2.130324078657675,1890735.07326
Sunteck Realty Ltd.,Realty,SUNTECK,EQ,INE805D01034,-4.147793539090438,639620.3531625
Suprajit Engineering Ltd.,Automobile and Auto Components,SUPRAJIT,EQ,INE399C01030,0.6281145475210081,473554.05174
Supreme Industries Ltd.,Capital Goods,SUPREMEIND,EQ,INE195A01028,-2.5462622281869907,2600494.08264
Suven Pharmaceuticals Ltd.,Healthcare,SUVENPHAR,EQ,INE03QK01018,-3.563428280958492,1574356.970382
Suzlon Energy Ltd.,Capital Goods,SUZLON,EQ,INE040H01021,-3.804341685343649,843396.1293855
Symphony Ltd.,Consumer Durables,SYMPHONY,EQ,INE225D01027,-1.9001933671683569,768057.903
Syngene International Ltd.,Healthcare,SYNGENE,EQ,INE398R01022,-1.0387983380124366,2395159.884
TCI Express Ltd.,Services,TCIEXP,EQ,INE586V01016,-5.6185233160621735,656823.0703125
TCNS Clothing Co. Ltd.,Textiles,TCNSBRANDS,EQ,INE778U01029,-1.4016075313201704,472137.920862
TTK Prestige Ltd.,Consumer Durables,TTKPRESTIG,EQ,INE690A01028,1.880249364032727,1145991.493025
TV18 Broadcast Ltd.,Media Entertainment & Publication,TV18BRDCST,EQ,INE886H01027,1.7521921140708052,1269483.6992205
TVS Motor Company Ltd.,Automobile and Auto Components,TVSMOTOR,EQ,INE494B01023,-3.644285371502965,2972382.528741
Tanla Platforms Ltd.,Information Technology,TANLA,EQ,INE483C01032,2.089347297081945,2070251.726112
Tata Chemicals Ltd.,Chemicals,TATACHEM,EQ,INE092A01019,-2.4636997204863342,2482217.794693
Tata Coffee Ltd.,Fast Moving Consumer Goods,TATACOFFEE,EQ,INE493A01027,-1.4189723758568196,404918.16216
Tata Communications Ltd.,Telecommunication,TATACOMM,EQ,INE151A01013,-1.3878180416345365,3501510.0
Tata Consultancy Services Ltd.,Information Technology,TCS,EQ,INE467B01029,0.504101734228457,138342671.82451302
Tata Consumer Products Ltd.,Fast Moving Consumer Goods,TATACONSUM,EQ,INE192A01025,-1.2968638214653103,7164143.03241
Tata Elxsi Ltd.,Information Technology,TATAELXSI,EQ,INE670A01012,-0.6664213122953844,5505330.71066
Tata Investment Corporation Ltd.,Financial Services,TATAINVEST,EQ,INE672A01018,-1.6572784726151646,686325.19024
Tata Motors Ltd DVR,Automobile and Auto Components,TATAMTRDVR,EQ,IN9155A01020,-2.394253829777504,932800.0
Tata Motors Ltd.,Automobile and Auto Components,TATAMOTORS,EQ,INE155A01022,-3.812955822669872,14403371.4553625
Tata Power Co. Ltd.,Power,TATAPOWER,EQ,INE245A01021,-1.589406668218818,7625677.8289155
Tata Steel Long Products Ltd.,Capital Goods,TATASTLLP,EQ,INE674A01014,-1.2831320706939375,324111.15
Tata Steel Ltd.,Metals & Mining,TATASTEEL,EQ,INE081A01012,-3.019640786335165,15975539.097408
Tata Teleservices (Maharashtra) Ltd.,Telecommunication,TTML,EQ,INE517B01013,-4.969653186719292,3258864.520909
Teamlease Services Ltd.,Services,TEAMLEASE,EQ,INE985S01024,-0.1504289049504614,741811.7101410001
Tech Mahindra Ltd.,Information Technology,TECHM,EQ,INE669C01036,0.0653394471010759,14565339.596534
The New India Assurance Company Ltd.,Financial Services,NIACL,EQ,INE470Y01017,0.0,1839992.0
The Ramco Cements Ltd.,Construction Materials,RAMCOCEM,EQ,INE331A01037,-1.8496191650134384,1814843.62459
Thermax Ltd.,Capital Goods,THERMAX,EQ,INE152A01029,-2.8661416869841028,2310500.23515
Thyrocare Technologies Ltd.,Healthcare,THYROCARE,EQ,INE594H01019,-0.3121802230022008,410159.532996
Timken India Ltd.,Capital Goods,TIMKEN,EQ,INE325A01013,-1.1265333064412577,1610508.313674
Titan Company Ltd.,Consumer Durables,TITAN,EQ,INE280A01028,-2.7970825038782343,22515588.69684
Torrent Pharmaceuticals Ltd.,Healthcare,TORNTPHARM,EQ,INE685A01028,-1.1320421265721303,4724613.73104
Torrent Power Ltd.,Power,TORNTPOWER,EQ,INE813H01021,-2.2322921496339965,2363913.652104
Trent Ltd.,Consumer Services,TRENT,EQ,INE849A01020,-5.091308801702333,4534242.565055
Trident Ltd.,Textiles,TRIDENT,EQ,INE064C01022,-4.974096426692032,2718692.349945
Triveni Turbine Ltd.,Capital Goods,TRITURBINE,EQ,INE152M01016,1.1024043105302803,653562.035906
Tube Investments of India Ltd.,Automobile and Auto Components,TIINDIA,EQ,INE974X01010,0.2340108287048004,3134862.2405870003
UCO Bank,Financial Services,UCOBANK,EQ,INE691A01018,-1.3333299424913236,1416781.043856
UFLEX Ltd.,Capital Goods,UFLEX,EQ,INE516A01017,-2.380747574317954,439298.575081
UPL Ltd.,Chemicals,UPL,EQ,INE628A01036,-1.798901667716346,5880093.829376
UTI Asset Management Company Ltd.,Financial Services,UTIAMC,EQ,INE094J01016,-1.6626406061357346,1262582.68669
UltraTech Cement Ltd.,Construction Materials,ULTRACEMCO,EQ,INE481G01011,-3.00937331773552,19058645.363434
Union Bank of India,Financial Services,UNIONBANK,EQ,INE692A01016,-2.861230266582393,2645047.269342
United Breweries Ltd.,Fast Moving Consumer Goods,UBL,EQ,INE686F01025,-0.8913663053097598,3938446.8969295
United Spirits Ltd.,Fast Moving Consumer Goods,MCDOWELL-N,EQ,INE854D01024,-1.5360903401642534,6455095.0247025
V-Guard Industries Ltd.,Consumer Durables,VGUARD,EQ,INE951I01027,-2.9006525612560896,930882.005716
V-Mart Retail Ltd.,Consumer Services,VMART,EQ,INE665J01013,0.5785044096104253,783322.5940019999
V.I.P. Industries Ltd.,Consumer Durables,VIPIND,EQ,INE054A01027,-5.146320446733932,1054896.7128165
Vaibhav Global Ltd.,Consumer Services,VAIBHAVGBL,EQ,INE884A01027,-2.2286990438186383,613178.3236275
Vakrangee Ltd.,Information Technology,VAKRANGEE,EQ,INE051B01021,-1.5408320130797626,367646.42713
Vardhman Textiles Ltd.,Textiles,VTL,EQ,INE825A01020,4.178771365628653,1259447.258
Varroc Engineering Ltd.,Automobile and Auto Components,VARROC,EQ,INE665L01035,-3.766051984887664,528258.978
Varun Beverages Ltd.,Fast Moving Consumer Goods,VBL,EQ,INE200M01013,0.9005099058532418,4076140.38204
Vedanta Ltd.,Metals & Mining,VEDL,EQ,INE205A01025,-2.4240546316161127,14993322.323806498
Venky's (India) Ltd.,Fast Moving Consumer Goods,VENKEYS,EQ,INE398A01010,-1.510750572750008,301814.1087075
Vijaya Diagnostic Centre Ltd.,Healthcare,VIJAYA,EQ,INE043W01024,3.2491961068289,446763.704769
Vinati Organics Ltd.,Chemicals,VINATIORGA,EQ,INE410B01037,-0.0777186851941946,2007539.0006
Vodafone Idea Ltd.,Telecommunication,IDEA,EQ,INE669E01016,-2.890173537862861,2772965.06166
Voltas Ltd.,Consumer Durables,VOLTAS,EQ,INE226A01021,-2.5054968156356883,4120838.55196
Welspun Corp Ltd.,Capital Goods,WELCORP,EQ,INE191B01025,2.371775953016142,436829.28723
Welspun India Ltd.,Textiles,WELSPUNIND,EQ,INE192B01031,2.668760977360152,897651.132714
Westlife Development Ltd.,Consumer Services,WESTLIFE,EQ,INE274F01020,2.243402076812928,647900.0
Whirlpool of India Ltd.,Consumer Durables,WHIRLPOOL,EQ,INE716A01013,-1.5244061814522425,1995503.578155
Wipro Ltd.,Information Technology,WIPRO,EQ,INE075A01022,-0.4026263871707458,32448373.010685
Wockhardt Ltd.,Healthcare,WOCKPHARMA,EQ,INE049B01025,-1.666665379005139,379742.565944
Yes Bank Ltd.,Financial Services,YESBANK,EQ,INE528G01035,-1.556426124530419,3081759.216663
ZF Commercial Vehicle Control Systems India Ltd.,Automobile and Auto Components,ZFCVINDIA,EQ,INE342J01019,-0.393953995151397,1447549.10812
Zee Entertainment Enterprises Ltd.,Media Entertainment & Publication,ZEEL,EQ,INE256A01028,-1.5028203121073669,2769647.0642025
Zensar Technolgies Ltd.,Information Technology,ZENSARTECH,EQ,INE520A01027,3.062266140491965,830046.2978345
Zomato Ltd.,Consumer Services,ZOMATO,EQ,INE758T01015,-3.9667924273333655,6478600.674648001
Zydus Lifesciences Ltd.,Healthcare,ZYDUSLIFE,EQ,INE010B01027,0.3466969714087886,3567742.943575
Zydus Wellness Ltd.,Fast Moving Consumer Goods,ZYDUSWELL,EQ,INE768C01010,-1.7779204540992577,955213.929656
eClerx Services Ltd.,Services,ECLERX,EQ,INE738I01010,0.6333692439448146,802092.30816
